Track,Artist,Album,Year,Duration,Time_Signature,Danceability,Energy,Key,Loudness,Mode,Speechiness,Acousticness,Instrumentalness,Liveness,Valence,Tempo,Popularity
Blessings (feat. Etana),Alborosie,Specialist Presents Alborosie & Friends,2018,216226,4,0.649,0.583,4,-5.953,0,0.304,0.0666,0,0.122,0.645,150.021,46
Herbalist,Alborosie,Soul Pirate,2009,191333,4,0.804,0.607,10,-6.84,0,0.37,0.0773,0,0.0993,0.823,142.421,56
Kingdom Of Zion,Alborosie,Kingdom Of Zion,2010,205000,4,0.664,0.526,11,-12.675,0,0.136,0.015,0.0000461,0.304,0.74,154.014,37
Rastafari Anthem,Alborosie,Soul Pirate,2008,206733,4,0.758,0.643,7,-6.107,1,0.392,0.0353,0,0.134,0.568,76.757,46
Still Blazing,Alborosie,Soul Pirate,2009,230573,4,0.749,0.704,6,-5.415,0,0.269,0.0159,0.00000202,0.0886,0.821,145.618,50
Apartheid Is Nazism - 2010 Remastered Edition,Alpha Blondy,Apartheid Is Nazism (2010 Remastered Edition),2010,287600,4,0.9,0.681,9,-4.681,1,0.0722,0.315,0,0.0494,0.868,131.509,39
Brigadier Sabari,Alpha Blondy,Best Of,1983,283973,4,0.881,0.74,10,-6.763,0,0.159,0.239,0.00000156,0.305,0.961,88.274,36
Cocody Rock - 2010 Remastered Edition,Alpha Blondy,Cocody Rock !!! (2010 Remastered Edition),2010,294000,4,0.796,0.669,6,-6.333,0,0.0912,0.107,0.000113,0.0891,0.96,147.367,55
I Wish You Were Here,Alpha Blondy,Jah Victory,1991,267360,4,0.794,0.57,7,-7.753,1,0.0647,0.0197,0.014,0.104,0.575,143.975,66
Jerusalem,Alpha Blondy,Best Of,1986,469640,4,0.717,0.445,8,-5.726,0,0.0665,0.403,0.000068,0.105,0.695,131.207,43
Breaking Up (Is Hard to Do),Alton Ellis,Mr Soul of Jamaica,1971,180840,4,0.669,0.604,11,-6.202,1,0.143,0.255,0.000578,0.223,0.846,76.525,24
Cry Tough,Alton Ellis,Mr Soul of Jamaica,1967,136186,4,0.702,0.346,9,-13.478,0,0.0433,0.864,0.00019,0.104,0.7,97.006,26
Dance Crasher,Alton Ellis,Mr Soul of Jamaica,1969,161106,4,0.733,0.652,7,-7.585,1,0.0325,0.106,0.000781,0.218,0.968,121.912,30
I'm Just a Guy,Alton Ellis,Sings Rock and Soul,1970,190466,4,0.683,0.42,7,-11.164,1,0.0506,0.204,0.368,0.108,0.4,80.446,12
I'm Still in Love With You,Alton Ellis,Sings Rock and Soul,1970,201493,4,0.738,0.416,7,-9.108,1,0.0322,0.511,0.000197,0.122,0.769,86.535,24
If I Could Rule the World,Alton Ellis,Rebel Music: A Reggae Anthology,1971,147226,4,0.596,0.393,9,-8.97,0,0.0415,0.76,0.0197,0.0741,0.72,91.379,3
Muriel,Alton Ellis,Reggae Legends: Alton Ellis,1970,228813,3,0.356,0.458,5,-10.298,1,0.0404,0.000709,0.855,0.311,0.539,168.634,6
Rock Steady,Alton Ellis,Mr Soul of Jamaica,1967,160266,4,0.677,0.346,0,-9.039,1,0.0595,0.611,0.00613,0.0646,0.778,173.056,48
These Eyes,Alton Ellis,Sunday Coming,1973,173533,4,0.831,0.483,0,-11.005,1,0.231,0.0119,0.00198,0.113,0.622,84.233,30
What Does It Take (To Win Your Love),Alton Ellis,Mr Soul of Jamaica,1970,198053,4,0.807,0.492,5,-9.911,1,0.0461,0.103,0.00382,0.0733,0.853,116.543,48
Don't Turn Around,Aswad,Distant Thunder,1988,220026,4,0.756,0.558,4,-16.157,1,0.0476,0.162,0.0000055,0.0748,0.802,97.002,48
Dub Fire,Aswad,New Chapter Of Dub,1982,270066,4,0.701,0.33,2,-13.127,1,0.0542,0.113,0.15,0.267,0.463,129.233,38
Give A Little Love,Aswad,Distant Thunder,1989,254333,4,0.622,0.468,6,-17.068,0,0.0346,0.0813,0.000056,0.155,0.831,79.325,19
Next To You,Aswad,Too Wicked,1988,219560,4,0.718,0.783,1,-10.879,0,0.0518,0.0181,0.00000429,0.28,0.958,99.688,24
Night Nurse,Aswad,Cool Summer Reggae,1984,207840,4,0.832,0.556,10,-6.965,0,0.0785,0.0246,0.0002,0.0751,0.847,169.946,8
Roots Rocking,Aswad,Live & Direct,1982,245826,4,0.699,0.408,8,-14.477,1,0.215,0.459,0.000352,0.751,0.781,67.661,29
Shine,Aswad,Cool Summer Reggae,1984,226466,4,0.757,0.871,2,-5.543,0,0.0507,0.014,0.00246,0.0544,0.553,104.994,37
Warrior Charge,Aswad,Crucial Tracks,1982,346173,4,0.803,0.467,9,-14.592,0,0.0671,0.0388,0.000179,0.488,0.791,137.556,9
King Tubby Meets The Rockers Uptown,Augustus Pablo,Classic Rockers,1976,153666,4,0.761,0.663,1,-12.255,1,0.0473,0.0193,0.91,0.175,0.822,132.39,38
King Tubby's Meets Rockers Uptown,Augustus Pablo,King Tubbys Meets Rockers Uptown,1976,152813,4,0.804,0.577,1,-11.39,1,0.0441,0.0192,0.884,0.0955,0.429,131.968,43
Black Roses,Barrington Levy,"Original Ragga Muffin, Pt.1",1982,187600,4,0.815,0.521,1,-7.043,1,0.0795,0.0658,0.00435,0.118,0.87,84.985,61
Bounty Hunter,Barrington Levy,Reggae Anthology: Sweet Reggae Music (1979-84),1983,185773,4,0.819,0.771,2,-4.196,1,0.0687,0.141,0.474,0.112,0.807,130.18,19
Here I Come,Barrington Levy,Reggae Anthology: Sweet Reggae Music (1979-84),1979,217200,4,0.586,0.663,4,-6.547,0,0.0825,0.161,0,0.198,0.693,170.743,59
Money Move,Barrington Levy,The Barrington Levy Collection,1986,202893,4,0.794,0.416,8,-14.604,1,0.332,0.382,0,0.0723,0.819,81.077,13
Murderer,Barrington Levy,"Original Ragga Muffin, Pt.1",1985,233160,4,0.866,0.548,0,-10.064,1,0.261,0.0785,0.272,0.0794,0.579,142.752,61
Too Experienced,Barrington Levy,The Barrington Levy Collection,1984,202240,4,0.738,0.392,10,-13.351,0,0.136,0.103,0,0.208,0.715,175.814,46
Under Mi Sensi,Barrington Levy,Too Experienced - The Best of Barrington Levy,1983,251133,4,0.838,0.498,4,-8.22,0,0.205,0.0179,0.00000171,0.152,0.308,74.313,29
Bad Man Nuh Flee (feat. Mr. Vegas),Beenie Man,The Doctor,2004,194760,4,0.672,0.626,5,-8.195,0,0.281,0.0605,0,0.174,0.661,93.553,30
Call Di Doctor,Beenie Man,Dancehall Generals:,1997,190000,5,0.729,0.817,4,-4.33,0,0.231,0.208,0,0.0919,0.702,128.056,4
Dude,Beenie Man,Back To Basics,2006,255360,4,0.616,0.71,5,-7.05,1,0.264,0.123,0,0.128,0.945,93.938,56
Girls Dem Sugar,Beenie Man,Art And Life,1997,257893,5,0.603,0.782,2,-4.832,1,0.162,0.118,0,0.363,0.731,124.303,56
King Of The Dancehall,Beenie Man,Back To Basics,1997,217106,4,0.81,0.829,5,-5.646,0,0.108,0.34,0,0.0539,0.851,104.695,52
Let Him Go,Beenie Man,The Doctor,2004,207306,4,0.753,0.917,1,-8.629,1,0.0843,0.755,0.0000036,0.0736,0.914,93.677,42
Rum & RedBull,Beenie Man,Rum & RedBull,2006,135650,4,0.744,0.783,7,-5.319,1,0.0954,0.0466,0,0.255,0.839,99.964,51
Who Am I,Beenie Man,Many Moods Of Moses,1998,196000,4,0.628,0.754,11,-8.777,1,0.472,0.21,0,0.12,0.57,86.194,58
Who Am I - Dancehall Remix,Beenie Man,Who Am I (Sim Simma Mixes),1998,211986,4,0.704,0.771,11,-5.883,1,0.297,0.0544,0,0.308,0.597,88.867,6
Ain't That Loving You,Beres Hammond,Can't Stop A Man,1983,228386,4,0.651,0.635,10,-4.92,1,0.0718,0.0614,0,0.276,0.884,143.717,28
Come Back Home,Beres Hammond,Can't Stop A Man,1994,219600,4,0.783,0.73,0,-5.124,0,0.0397,0.00577,0.00000109,0.0555,0.794,83.305,26
I Feel Good,Beres Hammond,A Moment In Time,1996,222960,4,0.632,0.606,7,-5.463,1,0.289,0.0409,0,0.0534,0.62,168.195,51
Love Means Never To Say I'm Sorry,Beres Hammond,Full Attention,1984,231666,4,0.403,0.4,4,-15.412,1,0.311,0.672,0,0.41,0.494,81.341,27
No Disturb Sign,Beres Hammond,In Control,1991,266933,4,0.766,0.752,8,-7.231,1,0.0856,0.062,0.000176,0.11,0.947,153.115,35
Rock Away,Beres Hammond,Music Is Life,1992,239200,4,0.722,0.544,8,-5.924,1,0.075,0.0969,0,0.0836,0.805,83.789,53
She Loves Me Now,Beres Hammond,Songs For Reggae Lovers 2,1994,228506,4,0.672,0.507,9,-8.643,1,0.189,0.166,0.00000855,0.237,0.63,178.894,23
Tempted to Touch,Beres Hammond,A Love Affair,1990,228600,4,0.727,0.469,0,-16.572,1,0.0718,0.000409,0.00218,0.0266,0.667,82.201,46
They Gonna Talk,Beres Hammond,Music Is Life,1996,237200,4,0.742,0.649,9,-6.568,1,0.0811,0.161,0,0.0449,0.903,153.983,49
What One Dance Can Do,Beres Hammond,Can't Stop A Man,1997,252146,4,0.805,0.657,0,-7.067,1,0.0652,0.0329,0,0.0965,0.53,89.946,44
Guess Who's Coming To Dinner,Black Uhuru,Guess Who's Coming To Dinner,1981,381306,4,0.8,0.548,1,-16.243,1,0.0528,0.0326,0.0054,0.0633,0.925,134.942,41
Sinsemilla,Black Uhuru,Sinsemilla,1980,311293,4,0.842,0.562,4,-10.911,0,0.0995,0.0178,0.0263,0.0798,0.725,131.288,40
Sistren,Black Uhuru,Red,1981,274520,4,0.791,0.677,7,-7.279,0,0.0883,0.135,0.0119,0.0498,0.671,139.757,18
Sponji Reggae,Black Uhuru,Red,1980,293493,4,0.801,0.542,7,-9.765,0,0.0679,0.158,0.000621,0.0462,0.917,74.736,35
Buffalo Soldier,Bob Marley & The Wailers,Confrontation,1983,255840,4,0.929,0.463,9,-8.651,1,0.308,0.143,0.0000053,0.0634,0.755,124.084,73
Could You Be Loved,Bob Marley & The Wailers,Uprising,1980,237000,4,0.916,0.72,0,-8.548,1,0.1,0.36,0.00016,0.0958,0.761,103.314,82
"Get Up, Stand Up",Bob Marley & The Wailers,Marley (The Original Soundtrack),1973,197840,4,0.772,0.501,10,-9.56,1,0.421,0.163,0,0.0725,0.771,77.882,62
Is This Love,Bob Marley & The Wailers,Kaya,1978,232200,4,0.776,0.561,6,-8.375,0,0.103,0.111,0,0.067,0.743,122.246,78
Jamming,Bob Marley & The Wailers,Exodus,1977,211000,4,0.935,0.479,11,-10.981,0,0.306,0.107,0.0000516,0.118,0.773,123.643,77
"No Woman, No Cry - Live At The Lyceum, London/1975",Bob Marley & The Wailers,Live!,1975,427800,4,0.655,0.675,1,-9.352,1,0.086,0.272,0.0234,0.727,0.57,77.588,64
One Love / People Get Ready,Bob Marley & The Wailers,Exodus,1965,172933,4,0.671,0.513,5,-9.598,0,0.366,0.0682,0,0.0674,0.94,154.187,74
"Roots, Rock, Reggae",Bob Marley & The Wailers,Rastaman Vibration,1976,218400,4,0.855,0.473,11,-9.846,0,0.146,0.0719,0.0000271,0.0795,0.682,139.175,68
Stir It Up - Jamaican Version,Bob Marley & The Wailers,Catch A Fire,1967,217800,4,0.688,0.487,9,-8.256,1,0.174,0.157,0.00304,0.0488,0.926,146.035,66
Three Little Birds,Bob Marley & The Wailers,Exodus,1977,180266,4,0.826,0.49,9,-10.477,1,0.0676,0.00916,0.00000441,0.0415,0.627,74.128,80
Waiting In Vain,Bob Marley & The Wailers,Exodus,1977,256239,4,0.767,0.46,8,-11.489,1,0.332,0.028,0.0000209,0.0633,0.803,78.802,71
Champion,Buju Banton,Til Shiloh (25th Anniversary Edition),1995,237280,4,0.788,0.657,4,-7.891,0,0.305,0.0895,0,0.0753,0.52,180.046,52
Destiny,Buju Banton,Inna Heights,1995,238266,4,0.82,0.683,4,-7.686,1,0.0613,0.0231,0,0.217,0.795,134.916,46
Hills And Valleys,Buju Banton,Inna Heights,1995,273040,4,0.687,0.544,3,-8.642,1,0.162,0.477,0,0.0937,0.742,72.082,58
Love Me Browning,Buju Banton,Mr Mention,1995,227866,4,0.784,0.406,0,-10.199,1,0.152,0.206,0,0.0731,0.763,81.995,38
Murderer,Buju Banton,Til Shiloh (25th Anniversary Edition),1995,237053,4,0.806,0.553,0,-7.453,1,0.227,0.159,0.00000606,0.107,0.696,137.949,48
Untold Stories,Buju Banton,Til Shiloh (25th Anniversary Edition),1995,273373,4,0.833,0.502,8,-10.03,1,0.0996,0.607,0,0.109,0.877,130.144,33
Wanna Be Loved,Buju Banton,Til Shiloh (25th Anniversary Edition),1995,244066,4,0.831,0.619,5,-7.338,1,0.148,0.0233,0,0.115,0.611,145.933,45
Dream Land,Bunny Wailer,Blackheart Man,1976,166773,4,0.782,0.43,1,-14.285,1,0.363,0.175,0.000294,0.0603,0.89,72.339,60
Dreamland,Bunny Wailer,Bunny Wailer Sings The Wailers,1976,165573,4,0.865,0.292,1,-16.271,1,0.41,0.0206,0.000107,0.0586,0.818,143.2,42
Mellow Mood,Bunny Wailer,Bunny Wailer Sings The Wailers,1973,231733,4,0.73,0.561,0,-12.851,1,0.203,0.0361,0.0473,0.0493,0.691,80.892,51
The Conqueror - Shashamane Dubplate,Bunny Wailer,"Zulu Warriors Fm, Vol. 4 (Shashamane Int'l Sound)",1980,88659,4,0.771,0.537,1,-8.152,1,0.556,0.575,0,0.328,0.896,141.345,16
Bad to Worst - 2002 Remaster,Burning Spear,Fittest Of The Fittest,2002,210266,4,0.662,0.371,6,-9.319,0,0.0483,0.164,0.0202,0.0743,0.597,144.532,26
Columbus - 2002 Remastered Version,Burning Spear,Hail H.I.M,2002,217333,4,0.682,0.446,7,-9.384,1,0.221,0.316,0.00485,0.0428,0.928,152.088,42
Give Me,Burning Spear,Marcus Garvey,1976,190773,4,0.773,0.513,0,-9.438,1,0.0854,0.055,0.00618,0.151,0.641,133.63,25
Hail H.I.M - 2002 Remastered Version,Burning Spear,Hail H.I.M,2002,255800,4,0.775,0.652,4,-7.881,0,0.0583,0.149,0.18,0.0458,0.671,137.866,48
Jah Nuh Dead,Burning Spear,Live in Peru,1975,336026,4,0.622,0.666,8,-12.32,1,0.0501,0.266,0.0312,0.412,0.78,158.553,12
Man In The Hills,Burning Spear,Man In The Hills,1976,240133,4,0.803,0.413,0,-13.085,1,0.275,0.311,0.0136,0.0744,0.845,140.327,20
Marcus Garvey,Burning Spear,Marcus Garvey,1976,207000,4,0.7,0.473,7,-9.893,0,0.0687,0.129,0.000891,0.0452,0.578,91.558,52
Slavery Days,Burning Spear,Marcus Garvey,1976,213800,4,0.721,0.446,10,-9.426,1,0.0895,0.0374,0.000124,0.0752,0.811,142.611,42
Social Living,Burning Spear,Social Living,1980,169466,4,0.717,0.441,0,-13.713,1,0.131,0.0388,0.0000161,0.171,0.654,130.362,24
Traveling,Burning Spear,Spear Burning Burning Spear V,1978,188400,4,0.803,0.637,1,-6.621,0,0.326,0.269,0.000273,0.0931,0.812,132.795,20
Burning Now,Capleton,Hennessy Riddim,1995,206550,4,0.701,0.428,7,-12.3,1,0.465,0.079,0,0.229,0.564,91.316,0
Fire Man,Capleton,Badman Bible vs Fireman,1996,244480,4,0.569,0.868,10,-6.558,0,0.298,0.00113,0.00000661,0.248,0.323,176.102,5
Jah Jah City,Capleton,More Fire,1996,202733,4,0.567,0.644,10,-8.589,0,0.496,0.0915,0,0.0982,0.823,137.178,44
Prophet Rides Again,Capleton,Prophet Rides Again (Inkalink Allstars),1995,202325,4,0.773,0.633,6,-5.521,0,0.326,0.0256,0,0.243,0.708,86.82,55
That Day Will Come,Capleton,Reign Of Fire,1997,246453,4,0.672,0.838,0,-5.035,0,0.113,0.0677,0,0.114,0.921,153.353,52
Tour,Capleton,Prophecy,1995,286333,4,0.892,0.65,1,-7.251,0,0.107,0.0722,0.00000119,0.0555,0.394,97.061,26
Who Dem,Capleton,The Biggest Ragga Dancehall Anthems 2000,1997,217960,5,0.717,0.837,1,-5.328,1,0.432,0.131,0,0.363,0.899,115.369,40
Here Comes Trouble,Chronixx,Dread & Terrible,2014,234586,4,0.758,0.786,4,-4.897,0,0.108,0.156,0,0.0658,0.786,83.495,60
I Can,Chronixx,Chronology,2013,268494,4,0.573,0.594,9,-6.936,0,0.045,0.549,0,0.14,0.55,94.964,41
Likes,Chronixx,Chronology,2013,258059,4,0.798,0.73,1,-5.992,0,0.0966,0.16,0,0.215,0.91,92,47
Odd Ras,Chronixx,"Chronixx""Odd Ras"" Single",2013,179083,4,0.679,0.776,7,-4.058,1,0.379,0.123,0,0.14,0.861,90.297,38
Selassie Children,Chronixx,Chronology,2013,337912,4,0.743,0.688,8,-5.505,0,0.0643,0.587,0.00000732,0.111,0.537,88.028,34
Skankin' Sweet,Chronixx,Chronology,2013,252125,4,0.739,0.658,0,-5.462,1,0.0762,0.0748,0.00000214,0.101,0.707,77.999,58
Smile Jamaica,Chronixx,Chronology,2013,213149,4,0.796,0.675,8,-6.382,1,0.0916,0.0686,0,0.0286,0.935,148.104,52
Behold Jah Jah,Cocoa Tea,Come Love Me,1990,218840,4,0.847,0.41,9,-12.531,0,0.193,0.0142,0,0.206,0.821,75.986,3
Good Life,Cocoa Tea,Good Life,1990,244573,4,0.825,0.353,0,-11.294,1,0.0616,0.0245,0,0.0843,0.763,82.057,37
Rocking Dolly,Cocoa Tea,Weh Dem A Go Do...Can't Stop Cocoa Tea,1990,231400,4,0.829,0.399,11,-14.301,0,0.0852,0.0167,0.00000263,0.0581,0.843,75.073,28
She Loves Me Now,Cocoa Tea,Good Life,1990,228973,4,0.776,0.324,3,-11.876,1,0.0621,0.00903,0,0.117,0.591,80.03,36
Young Lover,Cocoa Tea,Reggae Anthology: The Sweet Sound Of Cocoa Tea,1990,217693,4,0.832,0.617,6,-7.039,0,0.12,0.0112,0.0000381,0.0857,0.505,166.361,49
I'm Not Ashamed,Culture,Two Sevens Clash (40th Anniversary Edition),1978,239813,4,0.672,0.515,9,-11.045,0,0.048,0.00263,0,0.19,0.769,132.232,28
Jah Rastafari - 2001 Digital Remaster,Culture,International Herb,2001,219133,4,0.756,0.546,9,-9.359,1,0.161,0.205,0,0.329,0.949,75.354,41
Love Shine Bright - 2000 Digital Remaster,Culture,Harder Than The Rest,2000,243533,4,0.767,0.575,10,-8.32,1,0.0436,0.0509,0.0000544,0.0342,0.866,130.544,35
Natty Dread Taking Over,Culture,Two Sevens Clash,1978,226320,4,0.745,0.437,9,-12.217,1,0.0563,0.0863,0.000164,0.117,0.925,129.837,23
See Them A Come,Culture,Two Sevens Clash,1978,200800,4,0.605,0.639,9,-9.014,1,0.227,0.414,0.00000152,0.372,0.951,73.358,21
The International Herb,Culture,Too Long In Slavery,1978,200960,4,0.825,0.433,5,-13.085,0,0.337,0.0585,0,0.0618,0.687,127.686,51
Two Sevens Clash,Culture,Two Sevens Clash (40th Anniversary Edition),1977,209186,4,0.774,0.64,9,-6.614,0,0.1,0.00461,0,0.0868,0.665,136.427,40
Zion Gate,Culture,Baldhead Bridge,1978,218146,4,0.79,0.676,3,-5.273,1,0.0526,0.278,0,0.0772,0.963,142.511,30
Beautiful,Damian Marley,Welcome to Jamrock,2005,287786,4,0.734,0.871,5,-5.013,0,0.105,0.0852,0,0.047,0.849,93.046,48
Grown & Sexy,Damian Marley,Stony Hill,2005,244600,4,0.745,0.516,2,-6.708,1,0.152,0.241,0.0000726,0.147,0.363,94.807,39
Is It Worth It? (Gunman World),Damian Marley,"Set up Shop, Vol. 2",2005,277333,4,0.774,0.725,7,-3.806,1,0.164,0.086,0,0.0933,0.813,83.49,48
It Was Written,Damian Marley,Halfway Tree,2005,361066,4,0.688,0.719,0,-5.014,1,0.283,0.0283,0,0.728,0.546,81.443,47
Khaki Suit,Damian Marley,Welcome to Jamrock,2005,237400,4,0.774,0.81,10,-5.296,0,0.176,0.0191,0,0.195,0.938,170.08,42
Medication,Damian Marley,Stony Hill,2005,222466,4,0.865,0.562,10,-6.811,0,0.251,0.0318,0,0.246,0.81,85.02,66
Pimpa's Paradise,Damian Marley,Welcome to Jamrock,2005,304186,5,0.564,0.836,0,-6.052,1,0.401,0.307,0,0.491,0.571,121.147,49
Road To Zion,Damian Marley,Welcome to Jamrock,2005,317333,4,0.724,0.696,1,-6.326,1,0.201,0.123,0,0.106,0.433,93.607,63
There For You,Damian Marley,Welcome to Jamrock,2005,281346,4,0.595,0.634,10,-6.057,0,0.154,0.374,0,0.0694,0.75,137.771,52
Welcome To Jamrock,Damian Marley,Welcome to Jamrock,2005,213200,4,0.836,0.661,7,-6.502,0,0.338,0.0208,0,0.449,0.753,76.71,70
Cheater,Dennis Brown,Best Reggae Releases,1987,178866,4,0.787,0.509,4,-6.913,0,0.34,0.406,0,0.135,0.806,82.513,9
Here I Come,Dennis Brown,Love & Hate,1978,266200,4,0.856,0.438,7,-10.39,1,0.226,0.0364,0.00000206,0.0905,0.584,74.3,46
How Can I Leave You aka How Could I Live/ Bubbling Love,Dennis Brown,"Joe Gibbs 12"" Reggae Discomix Showcase Vol. 1",1977,520653,4,0.699,0.591,10,-5.245,0,0.168,0.661,0.00000428,0.314,0.879,154.569,28
In His Own Way (feat. Big Youth),Dennis Brown,Reggae Anthology: Gussie Clarke - From The Foundation,1979,449826,4,0.627,0.7,11,-5.979,0,0.0528,0.00183,0.0000221,0.0609,0.857,130.037,4
Love Has Found Its Way,Dennis Brown,Love Has Found Its Way,1981,270840,4,0.773,0.617,8,-8.966,1,0.065,0.076,0.0000457,0.0636,0.843,100.615,46
Money In My Pocket,Dennis Brown,Reflections,1979,153800,4,0.768,0.487,2,-7.026,0,0.161,0.412,0.0000112,0.122,0.848,73.449,45
Promised Land,Dennis Brown,Love & Hate,1980,284800,4,0.746,0.386,10,-11.985,1,0.142,0.408,0,0.0884,0.744,134.626,38
Revolution,Dennis Brown,Love & Hate,1977,262000,4,0.754,0.458,9,-10.558,0,0.163,0.157,0.00000586,0.106,0.744,84.603,55
Westbound Train,Dennis Brown,Just Dennis,1978,182840,4,0.814,0.517,6,-8.766,0,0.0724,0.489,0.00000191,0.0374,0.944,88.805,34
Wolves and Leopards,Dennis Brown,Money in My Pocket: The Best of Dennis Brown,1978,169040,4,0.644,0.36,7,-9.042,1,0.21,0.17,0,0.135,0.63,67.686,1
007 (Shanty Town),Desmond Dekker & The Aces,007 Shanty Town,1969,154293,4,0.866,0.564,9,-7.554,1,0.0902,0.101,0.0994,0.0977,0.876,101.683,54
Israelites,Desmond Dekker & The Aces,Intensified (Bonus Tracks Edition),1969,157693,4,0.709,0.5,10,-8.59,1,0.0488,0.812,0.00000188,0.0915,0.973,73.359,38
It Mek,Desmond Dekker & The Aces,Intensified,1969,152251,4,0.599,0.564,8,-7.793,1,0.0766,0.0344,0.689,0.233,0.665,75.095,49
Keep a Cool Head,Desmond Dekker & The Aces,007 Shanty Town,1969,124280,4,0.723,0.451,5,-7.04,0,0.0315,0.77,0.0161,0.0651,0.897,80.765,26
Mother Long Tongue,Desmond Dekker & The Aces,007 Shanty Town,1970,131053,4,0.8,0.433,10,-8.192,1,0.0311,0.68,0.055,0.0367,0.927,80.96,14
Poor Me Israelites (Desmond Dekker and Desmond Dekker Jnr Collaboration Version) (Desmond Dekker and Desmond Dekker Jnr Collaboration Version),Desmond Dekker & The Aces,Desmond Dekker As You Have Never Heard Before (Remixed By Desmond Dekker Jnr),1969,269226,4,0.726,0.836,0,-12.99,1,0.0395,0.202,0.717,0.12,0.95,106.001,1
Rude Boy Train,Desmond Dekker & The Aces,007 Shanty Town,1970,138786,4,0.598,0.476,8,-8.819,1,0.0695,0.674,0,0.313,0.815,182.283,26
Sing a Little Song,Desmond Dekker & The Aces,Israelites,1969,183106,4,0.894,0.611,8,-9.184,1,0.0656,0.192,0.000307,0.0737,0.957,125.305,23
Unity,Desmond Dekker & The Aces,007 Shanty Town,1970,143373,4,0.769,0.466,10,-8.223,1,0.0549,0.634,0.301,0.0597,0.827,84.254,30
You Can Get It If You Really Want,Desmond Dekker & The Aces,You Can Get It If You Really Want,1970,158320,4,0.828,0.578,1,-7.825,1,0.0409,0.135,0,0.0592,0.893,128.087,47
I Just Can't Stop,Don Carlos,Just A Passing Glance,1983,156729,4,0.739,0.568,0,-7.368,1,0.0431,0.369,0,0.0585,0.818,74.685,44
I'm Not Crazy,Don Carlos,Day To Day Living,1976,201666,4,0.784,0.448,10,-9.116,0,0.0646,0.0784,0.000282,0.0538,0.551,79.236,37
Late Night Blues,Don Carlos,Best of Don Carlos,1976,230786,4,0.634,0.325,7,-19.432,1,0.201,0.0884,0,0.131,0.397,73.177,9
Movin (To The Top),Don Carlos,7 Days A Week,1976,217212,4,0.826,0.369,2,-8.325,0,0.0663,0.0213,0.000727,0.0798,0.535,84.616,49
Mr. Sun,Don Carlos,Reggae Anthology: Niney The Observer - Roots With Quality,1976,246293,4,0.739,0.431,4,-11.144,0,0.0483,0.822,0.795,0.113,0.574,152.062,41
Rude Boy (Go Easy),Don Carlos,Changes,1976,274986,4,0.827,0.51,6,-8.206,0,0.0706,0.0504,0,0.0403,0.73,81.985,13
"Anarexol (12"")",Eek-A-Mouse,Mouseketeer,1983,440333,4,0.75,0.37,5,-10.482,0,0.0792,0.0176,0.0372,0.128,0.384,73.838,33
Ganja Smuggling,Eek-A-Mouse,Wa-Do-Dem,1983,228760,4,0.78,0.427,5,-8.371,0,0.126,0.128,0.0000175,0.0697,0.526,71.665,61
Wa-Do-Dem,Eek-A-Mouse,Wa-Do-Dem,1983,235373,4,0.855,0.602,0,-7.289,1,0.0595,0.376,0,0.167,0.81,77.514,56
Big Ship,Freddie McGregor,Freddie McGregor: The Anthology,1979,197733,4,0.777,0.41,9,-8.854,0,0.32,0.00498,0.00000243,0.186,0.815,70.514,47
Bobby Babylon,Freddie McGregor,Hi Fashion,1979,118920,4,0.776,0.428,7,-7.94,1,0.327,0.0706,0,0.115,0.487,82.88,0
I Was Born A Winner,Freddie McGregor,Freddie McGregor: The Anthology,1979,217800,4,0.753,0.526,8,-9.654,1,0.0524,0.00469,0.000266,0.251,0.656,86.751,43
Just Don't Want To Be Lonely,Freddie McGregor,Freddie McGregor: The Anthology,1979,215373,4,0.674,0.608,5,-5.675,1,0.0257,0.0508,0,0.363,0.819,85.551,40
Push Come To Shove,Freddie McGregor,Freddie McGregor: The Anthology,1979,217266,4,0.693,0.653,7,-9.771,1,0.0747,0.0196,0,0.484,0.646,81.379,45
Cool Down The Pace,Gregory Isaacs,Night Nurse (Expanded Edition),1980,317360,4,0.87,0.299,10,-13.409,1,0.248,0.122,0.0514,0.0926,0.933,75.895,61
If I Don't Have You - 1990 Digital Remaster,Gregory Isaacs,Once Ago,1980,252000,4,0.918,0.347,9,-15.646,0,0.214,0.00136,0.0179,0.0593,0.556,129.268,35
My Number One,Gregory Isaacs,Gregory Isaacs Selects Reggae,1980,206066,4,0.786,0.682,9,-6.779,0,0.0507,0.0822,0.000091,0.101,0.961,78.325,31
Night Nurse,Gregory Isaacs,Night Nurse (Expanded Edition),1980,249533,4,0.824,0.366,7,-10.96,1,0.145,0.039,0.106,0.0403,0.895,73.949,66
Oh What A Feeling,Gregory Isaacs,More Gregory,1980,219659,4,0.874,0.675,7,-3.423,1,0.108,0.198,0.000753,0.092,0.892,145.801,46
Private Secretary,Gregory Isaacs,Out Deh!,1980,276133,4,0.748,0.372,7,-15.797,1,0.0475,0.165,0.0477,0.0634,0.871,143.693,22
Rumours,Gregory Isaacs,One Man Against The World,1980,369573,4,0.812,0.471,7,-9.977,1,0.101,0.00493,0.000674,0.0438,0.669,82.17,41
Soon Forward,Gregory Isaacs,Soon Forward,1980,390613,4,0.821,0.518,0,-5.642,1,0.0653,0.223,0.0185,0.326,0.935,148.372,31
The Border,Gregory Isaacs,African Museum DJ Connection,1980,550924,4,0.733,0.665,7,-6.214,1,0.0744,0.314,0.00000516,0.192,0.884,144.536,24
Fight All You Can,Groundation,Upon The Bridge,2005,241160,4,0.664,0.583,11,-8.571,0,0.223,0.242,0.000136,0.0828,0.535,165.86,7
Jah Jah Know,Groundation,Hebron Gate,2005,363866,4,0.737,0.493,8,-9.599,1,0.184,0.101,0.0000118,0.305,0.533,80.933,41
Greetings,Half Pint,Half Pint,1982,219960,4,0.686,0.641,5,-14.832,0,0.0525,0.000907,0,0.157,0.841,144.448,36
Level The Vibes,Half Pint,Half Pint,1982,223640,4,0.737,0.495,0,-13.162,1,0.0681,0.000399,0.038,0.16,0.694,162.478,25
One Big Family,Half Pint,Half Pint,1982,212200,4,0.744,0.501,9,-14.759,1,0.0604,0.000914,0.0000167,0.0518,0.801,160.073,23
Substitute Lover,Half Pint,Half Pint,1982,218026,4,0.797,0.274,11,-14.849,1,0.157,0.011,0,0.118,0.661,166.572,48
Victory,Half Pint,Half Pint,1982,202426,4,0.824,0.532,11,-13.095,1,0.178,0.149,0,0.104,0.85,80.751,10
(Woman) Don't Try to Use Me (Extended Mix),Horace Andy,Trojan Suedehead Box Set,1985,332146,4,0.84,0.504,8,-9.813,1,0.149,0.164,0.00687,0.0949,0.631,127.625,10
Ain't No Sunshine,Horace Andy,Peace Out,1985,133240,4,0.773,0.614,11,-5.794,1,0.229,0.635,0,0.187,0.9,128.611,26
Love of a Woman,Horace Andy,Skylarking,1985,199493,4,0.793,0.246,6,-17.35,1,0.0689,0.44,0.0123,0.112,0.646,85.136,5
Skylarking,Horace Andy,This Is Trojan Roots,1985,180453,4,0.818,0.486,9,-9.789,0,0.17,0.395,0.000016,0.0475,0.705,78.458,42
Something on My Mind,Horace Andy,Skylarking,1985,146706,4,0.864,0.427,2,-14.384,1,0.0695,0.0252,0.688,0.191,0.597,140.453,3
You Are My Angel,Horace Andy,Jah is the One,1985,177653,4,0.785,0.772,7,-9.767,1,0.179,0.559,0.0681,0.103,0.851,146.454,9
Bad Boys,Inner Circle,Sweat (A La La La La Long),1983,231266,4,0.682,0.678,7,-9.626,1,0.11,0.2,0.000163,0.109,0.517,175.18,68
Games People Play,Inner Circle,Reggae Dancer,1983,207000,4,0.734,0.924,1,-3.335,0,0.165,0.0422,0.00000987,0.224,0.907,170.58,60
Sweat (A La La La La Long),Inner Circle,Blazzin' Fire,1983,227067,4,0.787,0.728,0,-7.705,1,0.218,0.0124,0,0.157,0.94,173.026,55
Tired Fe Lick Weed In A Bush,Inner Circle,Reggae Thing,1983,182813,4,0.859,0.356,7,-14.235,1,0.326,0.109,0.0000819,0.101,0.741,135.945,6
"We ""A"" Rockers",Inner Circle,Everything Is Great,1983,301626,4,0.613,0.432,10,-16.99,1,0.212,0.0119,0,0.323,0.839,140.76,16
Daytrippin,Iration,Daytrippin,2013,182466,4,0.725,0.72,2,-3.31,0,0.0272,0.0129,0.00862,0.135,0.848,100.981,46
Falling,Iration,Time Bomb,2013,240760,4,0.799,0.416,7,-9.547,1,0.0428,0.00765,0.00000207,0.122,0.818,125.01,54
Hotting Up,Iration,Hotting Up,2013,220613,4,0.61,0.746,11,-5.892,0,0.0364,0.000409,0.000597,0.211,0.547,146.01,39
Lost And Found,Iration,Hotting Up,2013,236333,4,0.63,0.669,1,-7.289,0,0.118,0.0987,0.0000385,0.491,0.655,152.106,51
Time Bomb,Iration,Time Bomb,2013,190693,4,0.754,0.59,4,-6.525,0,0.046,0.192,0,0.11,0.784,147.107,60
Turn Around,Iration,Time Bomb,2013,231346,4,0.687,0.7,8,-6.439,1,0.03,0.00144,0.0000635,0.13,0.963,103.946,46
You Know You Don't Mind,Iration,Hotting Up,2013,226520,4,0.65,0.81,9,-5.137,1,0.0527,0.00358,0,0.0863,0.877,75.517,31
Bad Intention,Israel Vibration,Reggae Knights,1980,231893,4,0.769,0.585,7,-6.283,1,0.175,0.203,0.0000025,0.0674,0.811,173.193,11
Cool and Calm,Israel Vibration,Strength of My Life,1980,265880,4,0.795,0.415,0,-10.466,1,0.153,0.127,0.00000876,0.067,0.821,76.28,55
Herb Is The Healing,Israel Vibration,Stamina,1980,271306,4,0.922,0.64,7,-6.109,1,0.169,0.0431,0.00029,0.351,0.81,129.861,46
Pay the Piper,Israel Vibration,Hard Road,1980,289274,4,0.875,0.546,2,-9.758,1,0.357,0.00836,0,0.0866,0.973,135.893,7
Rudeboy Shufflin' - Live 95,Israel Vibration,Israel Vibration on the Strength of the Trinity Live 95,1995,360520,4,0.821,0.544,5,-9.117,0,0.0821,0.243,0.00124,0.84,0.896,145.828,12
The Same Song,Israel Vibration,The Power Of The Trinity: Great Moments In Reggae Harmony,1980,239493,4,0.929,0.466,1,-9.809,1,0.304,0.0749,0.00194,0.0363,0.684,123.019,34
Cinnamon Crush (feat. Lindsey Lomis),Jacob Collier,Djesse Vol. 4,2016,227480,4,0.515,0.47,8,-9.214,1,0.121,0.758,0.00011,0.102,0.448,75.386,44
Forward Jah Jah Children (original),Jacob Miller,The 'Killer' Rides Again,1976,199666,4,0.784,0.279,8,-20.376,1,0.464,0.0397,0.00000968,0.0464,0.873,136.73,21
I'm A Natty,Jacob Miller,Reggae Anthology: Joe Gibbs - Scorchers From The Mighty Two,1976,179520,4,0.742,0.265,11,-10.176,1,0.165,0.000131,0.079,0.101,0.646,93.808,17
Mixed Up Moods,Jacob Miller,Song Book: Chapter a Day,1976,326826,4,0.69,0.547,9,-8.123,0,0.106,0.0921,0.00000129,0.056,0.872,76.529,34
Tenement Yard,Jacob Miller,Song Book: Chapter a Day,1976,154333,4,0.883,0.521,4,-6.845,1,0.309,0.229,0,0.0794,0.962,143.804,54
Tired Fi Lick Weed,Jacob Miller,Song Book: Chapter a Day,1976,183333,4,0.837,0.443,7,-9.352,1,0.226,0.068,0,0.104,0.698,135.539,31
Before I Leave,Jah Cure,Before I Leave,2003,235333,4,0.726,0.578,5,-5.723,0,0.0438,0.0551,0,0.108,0.666,89.166,48
Call On Me,Jah Cure,The Universal Cure,2003,265786,4,0.649,0.691,8,-6.891,0,0.0654,0.0461,0.00000459,0.102,0.497,84.993,38
Journey,Jah Cure,The Universal Cure,2003,221240,4,0.485,0.791,9,-3.653,0,0.11,0.247,0,0.469,0.567,157.686,6
Longing For,Jah Cure,True Reflections...A New Beginning,2003,232000,4,0.67,0.54,4,-7.417,0,0.296,0.297,0.00000337,0.0751,0.473,167.935,55
Love Is,Jah Cure,True Reflections...A New Beginning,2003,218160,4,0.685,0.63,0,-5.485,1,0.155,0.119,0,0.166,0.708,85.04,41
Never Find,Jah Cure,Don Corleon Presents - Changes Riddim,2003,207908,4,0.457,0.669,6,-6.811,0,0.302,0.635,0,0.0967,0.486,174.188,55
True Reflection,Jah Cure,True Reflections...A New Beginning,2003,248013,4,0.395,0.468,10,-8.032,1,0.0432,0.177,0,0.119,0.279,136.327,31
Unconditional Love,Jah Cure,World Cry,2003,348000,4,0.615,0.515,4,-11.019,1,0.0436,0.167,0,0.0743,0.678,75.04,42
Ali Baba,John Holt,John Holt Selects Reggae,1972,157800,4,0.84,0.535,5,-9.366,1,0.0644,0.364,0.0141,0.0722,0.885,79.716,39
Baby I'm A Want You,John Holt,Sexual Reggae Music,1972,138306,4,0.679,0.341,4,-11.687,1,0.043,0.16,0.0000959,0.0862,0.756,146.287,0
For The Love Of You,John Holt,The Tide Is High,1972,217773,4,0.775,0.586,1,-5.788,1,0.0962,0.0773,0.00026,0.0539,0.775,83.183,32
If I Were a Carpenter,John Holt,If I Were a Carpenter,1972,182360,4,0.755,0.748,0,-6.138,1,0.0559,0.181,0.000032,0.216,0.728,75.698,22
Love I Can Feel,John Holt,One Million Volts of Holt,1972,204560,4,0.869,0.615,3,-8.59,0,0.0479,0.169,0.0000028,0.0707,0.922,139.206,21
Never Never Never,John Holt,1000 Volts Of Holt,1972,237706,4,0.615,0.286,11,-16.612,1,0.063,0.247,0,0.113,0.833,83.013,31
Police In Helicopter,John Holt,Police In Helicopter,1972,219160,4,0.683,0.653,9,-7.586,0,0.113,0.0326,0.00000842,0.0578,0.501,143.224,59
Stick By Me,John Holt,Memories By The Score Vol. 2,1972,194543,4,0.814,0.57,8,-4.289,1,0.115,0.71,0.0000181,0.0795,0.827,79.401,31
Sweetie Come Brush Me,John Holt,Reggae Legends: John Holt,1972,203653,4,0.877,0.54,7,-7.158,0,0.0692,0.0669,0.0000435,0.0748,0.655,74.557,17
Up Park Camp,John Holt,The Reggae Artist Gallery,1972,189760,4,0.814,0.538,1,-5.668,0,0.0347,0.0883,0.00000622,0.0864,0.588,136.129,10
Rasta Should Be Deeper,Junior Kelly,Tough Life,2004,209813,4,0.746,0.803,2,-5.817,0,0.0556,0.0269,0,0.332,0.731,72.384,47
Boom-Shack-A-Lack,Junior Reid,Boom-Shack-A-Lack,1997,213533,4,0.756,0.44,6,-8.256,0,0.293,0.145,0,0.0781,0.565,78.729,22
Cross Over The Border,Junior Reid,Boom-Shack-A-Lack,1997,202333,4,0.824,0.534,9,-6.654,1,0.083,0.114,0,0.109,0.738,77.886,12
Jah Love You Always,Junior Reid,The Living Legend,1997,208866,4,0.551,0.745,2,-5.305,0,0.0509,0.0754,0,0.199,0.213,175.918,0
One Blood,Junior Reid,One Blood,1997,204614,4,0.744,0.886,10,-6.633,0,0.0903,0.0716,0,0.335,0.967,167.297,35
Chase the Devil,"Lee ""Scratch"" Perry",Super Ape Returns to Conquer,1968,199850,4,0.7,0.696,9,-6.09,0,0.124,0.232,0.0453,0.428,0.81,155.05,30
Disco Devil (Extended Version),"Lee ""Scratch"" Perry",The Best of Lee Perry,1978,471826,4,0.682,0.726,0,-8.754,1,0.261,0.0785,0.000336,0.386,0.515,77.865,44
Jungle Lion,"Lee ""Scratch"" Perry",Return of Django: The Best of The Upsetters,1977,205373,4,0.769,0.922,8,-5.572,0,0.263,0.473,0.719,0.173,0.848,93.73,30
Police And Thieves,"Lee ""Scratch"" Perry",Destiny,1976,282989,4,0.793,0.643,11,-4.998,0,0.188,0.212,0.00921,0.143,0.648,137.942,11
Roast Fish and Corn Bread (Jamaican Mix),"Lee ""Scratch"" Perry",Ape-Ology Presents Super Ape vs. Return of the Super Ape,1977,215506,4,0.94,0.307,7,-11.817,1,0.0434,0.0666,0.0198,0.0654,0.572,115.541,12
Sin Semilla Kaya Dub,"Lee ""Scratch"" Perry",Scratch Attack!,1977,190373,4,0.835,0.312,6,-21.297,0,0.0718,0.0439,0.837,0.116,0.762,103.638,3
War Ina Babylon,"Lee ""Scratch"" Perry",Super Ape Returns to Conquer,1976,318890,4,0.696,0.782,7,-7.481,1,0.0455,0.00112,0.00196,0.349,0.596,144.997,15
Dread Beat An' Blood,Linton Kwesi Johnson,Dread Beat And Blood,1978,179954,4,0.805,0.391,1,-18.577,1,0.0738,0.00539,0.176,0.0686,0.82,158.24,20
Fite Dem Back,Linton Kwesi Johnson,Forces Of Victory,1978,266560,4,0.885,0.489,4,-16.975,0,0.22,0.0252,0,0.0523,0.893,115.898,32
Inglan Is A Bitch,Linton Kwesi Johnson,Bass Culture,1978,326373,4,0.885,0.305,7,-15.75,1,0.429,0.0556,0.0000508,0.0776,0.575,137.506,40
Man Free,Linton Kwesi Johnson,Dread Beat And Blood,1978,361952,4,0.801,0.538,4,-15.453,0,0.13,0.0787,0.00993,0.117,0.762,83.712,13
Reggae Fi Peach,Linton Kwesi Johnson,Bass Culture,1978,161400,4,0.74,0.331,1,-16.516,0,0.389,0.0105,0.000761,0.137,0.533,158.713,27
Sonny's Lettah (Anti-Sus Poem),Linton Kwesi Johnson,Forces Of Victory,1978,232293,4,0.741,0.405,9,-18.235,0,0.206,0.0542,0.0000016,0.0342,0.631,143.51,31
Back to My Roots,Lucky Dube,Slave,1987,254890,4,0.707,0.399,11,-10.25,1,0.0586,0.473,0.0102,0.0761,0.964,81.861,28
"Different Colours, One People (2012 Remastered)",Lucky Dube,Victims (2012 Remastered),1989,247426,4,0.825,0.634,11,-5.985,1,0.0548,0.0321,0,0.558,0.538,102.852,47
House of Exile (Remastered),Lucky Dube,House of Exile (Remastered),1990,205426,4,0.676,0.658,10,-6.044,1,0.0358,0.139,0,0.0866,0.941,81.896,54
It's Not Easy,Lucky Dube,House of Exile,1991,322533,4,0.697,0.72,11,-4.658,1,0.0277,0.264,0,0.201,0.657,129.453,29
Prisoner (Remastered),Lucky Dube,Prisoner (Remastered),1995,200760,4,0.653,0.498,11,-12.901,1,0.118,0.397,0,0.0389,0.819,79.617,53
Rastas Never Dies,Lucky Dube,Rastas Never Dies,1994,233626,4,0.634,0.87,7,-4.873,1,0.0578,0.497,0.0248,0.061,0.97,177.903,42
Remember Me,Lucky Dube,Prisoner,1996,263546,4,0.736,0.703,10,-7.729,1,0.0636,0.138,0.00000639,0.0727,0.716,84.142,36
Slave,Lucky Dube,Slave,1997,262573,4,0.659,0.548,10,-9.406,1,0.0395,0.617,0.00000233,0.0843,0.956,82.461,52
The Way It Is,Lucky Dube,The Way It Is,1998,249320,4,0.691,0.763,9,-5.883,1,0.048,0.376,0.00028,0.0887,0.875,157.06,52
Together As One,Lucky Dube,Together as One,1999,239160,4,0.696,0.638,8,-6.442,1,0.0391,0.42,0,0.0672,0.789,143.686,52
Don't Let Me Down,Marcia Griffiths,Play Me Sweet and Nice,1983,204533,4,0.691,0.662,4,-10.045,1,0.053,0.404,0.00509,0.465,0.947,157.367,45
Electric Boogie,Marcia Griffiths,Carousel,1983,242773,4,0.769,0.898,1,-9.347,1,0.0355,0.116,0.000648,0.261,0.968,108.141,41
Feel Like Jumping,Marcia Griffiths,Reggae Anthology: Melody Life,1983,213506,4,0.784,0.43,0,-9.284,1,0.0582,0.0566,0.167,0.0689,0.643,81.863,39
I've Got to go Back Home,Marcia Griffiths,Survival,1983,291666,4,0.603,0.32,6,-14.896,1,0.103,0.129,0.572,0.061,0.693,73.437,4
Sweet Bitter Love,Marcia Griffiths,Play Me Sweet and Nice,1983,192373,4,0.589,0.541,5,-10.224,1,0.0617,0.459,0.0000271,0.347,0.945,165.622,17
Young Gifted And Black,Marcia Griffiths,Reggae Anthology: Melody Life,1983,184360,4,0.65,0.497,0,-8.044,1,0.0305,0.00646,0.00855,0.375,0.928,116.385,15
Jerusalem,Matisyahu,Youth,2004,240253,4,0.799,0.653,8,-6.307,1,0.267,0.435,0,0.105,0.909,176.081,42
King Without a Crown,Matisyahu,Youth,2004,222386,4,0.697,0.859,5,-5.306,0,0.19,0.0349,0,0.0931,0.696,93.78,54
Live Like a Warrior,Matisyahu,Spark Seeker,2004,234179,4,0.288,0.812,10,-4.908,1,0.156,0.0719,0.00000345,0.329,0.349,90.006,42
One Day,Matisyahu,Light,2004,207573,4,0.346,0.61,0,-5.818,1,0.15,0.198,0,0.117,0.235,68.552,56
"Sea to Sea - Live at Stubb's, Austin, TX - February 2005",Matisyahu,Live at Stubb's,2005,247280,4,0.53,0.402,7,-8.917,0,0.0354,0.0272,0.000281,0.936,0.667,129.762,31
Sunshine,Matisyahu,Spark Seeker,2004,213069,4,0.697,0.769,0,-3.712,1,0.0626,0.00747,0,0.0733,0.822,100.029,52
Time Of Your Song,Matisyahu,Youth,2004,266280,4,0.722,0.776,2,-7.339,1,0.0734,0.09,0.000024,0.364,0.548,77.992,45
Chase The Devil,Max Romeo,Best Of,1976,177000,4,0.874,0.591,2,-5.213,1,0.143,0.013,0,0.138,0.76,76.004,62
No Place Like Home,Max Romeo,No Place Like Home,1976,294480,4,0.901,0.522,8,-9.98,1,0.102,0.0757,0.355,0.0772,0.8,139.964,46
Norman,Max Romeo,War Ina Babylon (Expanded Edition),1976,289306,4,0.831,0.604,4,-6.699,0,0.0698,0.0165,0,0.0945,0.826,128.9,21
One Step Forward,Max Romeo,Best Of,1976,219493,4,0.842,0.755,10,-5.023,0,0.0426,0.0329,0.0000498,0.0936,0.977,141.06,49
Three Blind Mice,Max Romeo,The Max Romeo Catalog Chapter 1 - Verse 1-16,1976,176240,4,0.902,0.475,0,-6.854,1,0.147,0.431,0.0000225,0.0441,0.689,135.498,28
Wet Dream,Max Romeo,A Dream,1976,162586,4,0.724,0.63,5,-6.759,1,0.0338,0.186,0.768,0.155,0.958,155.136,33
Close To You,Maxi Priest,Bonafide,1988,325800,4,0.781,0.478,6,-15.427,1,0.0561,0.0849,0.00000393,0.0877,0.962,95.992,56
Just A Little Bit Longer,Maxi Priest,Bonafide,1988,263733,4,0.585,0.599,9,-13.536,0,0.212,0.0418,0.0000162,0.508,0.789,173.085,32
Should I (Put My Trust In You),Maxi Priest,You're Safe,1988,224200,4,0.691,0.516,7,-14.106,1,0.132,0.0137,0.0712,0.0592,0.551,89.182,33
Some Guys Have All The Luck,Maxi Priest,The Best Of Me,1988,214645,4,0.787,0.519,6,-12.545,0,0.0309,0.139,0.0000176,0.0482,0.812,92.039,32
Wild World,Maxi Priest,Maxi,1988,218426,4,0.763,0.352,0,-11.789,1,0.0555,0.261,0.0000845,0.0791,0.732,83.993,56
Country Living,Mighty Diamonds,Reggae Anthology: Mighty Diamonds - Pass The Knowledge,1976,235693,4,0.817,0.576,7,-5.018,0,0.183,0.597,0.000047,0.0596,0.877,87.471,23
Have Mercy - 2001 Digital Remaster,Mighty Diamonds,Right Time,1976,199066,4,0.77,0.428,4,-8.881,1,0.0479,0.0935,0,0.0763,0.937,73.238,37
Heads Of Government,Mighty Diamonds,Reggae Anthology: Mighty Diamonds - Pass The Knowledge,1976,220360,4,0.72,0.575,7,-8.647,1,0.0861,0.057,0.000168,0.0809,0.877,79.686,8
I Need A Roof - 2001 Digital Remaster,Mighty Diamonds,Right Time,1976,171160,4,0.702,0.567,0,-9.179,1,0.0409,0.298,0.00000292,0.198,0.783,145.549,43
Pass The Kouchie,Mighty Diamonds,"No Seeds, No Stems, Just Hits",1976,215626,4,0.774,0.398,0,-11.673,1,0.0692,0.143,0.00303,0.248,0.873,142.675,19
Right Time - 2001 Digital Remaster,Mighty Diamonds,Right Time,1976,197200,4,0.837,0.382,2,-10.726,1,0.052,0.33,0.0000614,0.127,0.56,139.042,44
Shame And Pride - 2001 Digital Remaster,Mighty Diamonds,Right Time,1976,201626,4,0.774,0.475,7,-10.299,0,0.0859,0.136,0,0.167,0.765,72.374,26
Dread at the Controls,Mikey Dread,Dread at the Controls,1982,230186,4,0.861,0.539,7,-9.487,1,0.0544,0.163,0,0.0974,0.911,131.165,14
Prophecy,Mikey Dread,"Jah Soldiers Musical Weapon, Vol. 1",1982,271466,4,0.758,0.598,11,-5.977,0,0.144,0.00522,0,0.162,0.703,135.045,0
Roots and Culture,Mikey Dread,Pave the Way,1982,368720,4,0.735,0.507,6,-11.17,0,0.0842,0.136,0.0176,0.373,0.783,144.093,44
Saturday Night Style - Dub / Instrumental Reggae Music,Mikey Dread,African Anthem Deluxe: The Mikey Dread Show Dubwise,1982,293346,4,0.73,0.847,10,-7.454,0,0.0528,0.249,0.143,0.9,0.643,123.878,32
Swalk,Mikey Dread,SWALK,1982,528106,4,0.666,0.95,8,-4.767,1,0.0728,0.157,0.0000458,0.149,0.691,131.695,19
Don't Haffi Dread,Morgan Heritage,Don't Haffi Dread,1994,238550,4,0.722,0.376,7,-10.175,0,0.303,0.0214,0,0.053,0.753,76.002,41
Down by the River,Morgan Heritage,More Teachings,1994,229146,4,0.753,0.486,1,-7.66,1,0.053,0.14,0,0.0586,0.939,80.916,48
Nothing To Smile About,Morgan Heritage,Mission In Progress,1994,205026,4,0.695,0.661,7,-5.642,1,0.255,0.641,0,0.323,0.77,82.031,34
Reggae Bring Back Love,Morgan Heritage,Don't Haffi Dread,1994,215222,4,0.742,0.683,0,-5.355,1,0.0556,0.131,0,0.0574,0.885,88.342,29
She's Still Loving Me,Morgan Heritage,Reggae Masterpiece: Morgan Heritage,1994,263253,4,0.672,0.749,10,-4.62,1,0.0725,0.279,0,0.114,0.96,80.775,35
Tell Me How Come,Morgan Heritage,Full Circle,1994,216093,4,0.698,0.693,5,-4.923,1,0.251,0.225,0,0.0522,0.757,85.024,44
The World Is Yours,Morgan Heritage,Loyalty,1994,272990,4,0.797,0.908,0,-3.564,0,0.165,0.0708,0,0.108,0.86,107.027,3
Trodding To Zion,Morgan Heritage,One Calling,1994,224560,4,0.749,0.627,7,-8.047,1,0.13,0.165,0.000026,0.0562,0.887,81.764,7
Baby Come Back,Pato Banton,The Best Of Pato Banton,1995,233866,4,0.854,0.797,7,-6.004,1,0.0331,2.93E-05,0.00801,0.0832,0.817,124.879,45
Don't Sniff Coke - Live,Pato Banton,Live And Kickin All Over America,1995,446600,4,0.535,0.59,6,-10.858,0,0.196,0.245,0,0.82,0.677,83.381,8
Go Pato,Pato Banton,The Best Of Pato Banton,1995,275400,4,0.793,0.821,4,-7.5,0,0.0454,0.0176,0.00000459,0.317,0.798,92.836,57
Groovin',Pato Banton,The Best Of Pato Banton,1995,235853,4,0.706,0.809,6,-7.418,1,0.0616,0.22,0,0.278,0.803,102.446,23
Never Give In - Never Give In Version,Pato Banton,The Best Of Pato Banton,1995,283933,4,0.6,0.84,11,-5.984,0,0.0378,0.0519,0,0.381,0.76,88.706,15
Burial,Peter Tosh,Legalize It (Legacy Edition),1976,233840,4,0.783,0.632,7,-9.726,0,0.0997,0.3,0.00456,0.16,0.895,154.566,33
Can't Blame The Youth,Peter Tosh,The Ultimate Peter Tosh Experience,1976,193706,4,0.791,0.592,2,-8.31,1,0.107,0.312,0,0.142,0.886,78.682,29
Equal Rights,Peter Tosh,Honorary Citizen,1976,357333,4,0.665,0.736,7,-5.713,1,0.258,0.0172,0,0.212,0.962,76.373,41
"Get Up, Stand Up",Peter Tosh,Equal Rights (Legacy Edition),1976,215200,4,0.899,0.574,5,-9.946,1,0.0788,0.00118,0.000345,0.0567,0.913,138.956,49
I Am That I Am,Peter Tosh,Equal Rights (Legacy Edition),1976,269546,4,0.791,0.481,4,-9.39,1,0.124,0.0649,0.00000147,0.0247,0.926,146.032,50
Johnny B. Goode - 2002 Remaster,Peter Tosh,Mama Africa,1976,244253,4,0.749,0.849,4,-5.761,0,0.0544,0.0299,0.000168,0.115,0.959,145.169,62
Legalize It,Peter Tosh,Legalize It (Legacy Edition),1976,279360,4,0.71,0.589,0,-11.933,1,0.167,0.068,0.00000438,0.176,0.65,144.601,57
Maga Dog - 2002 Remaster,Peter Tosh,Mama Africa,1976,268320,4,0.588,0.763,8,-6.731,1,0.184,0.215,0.0000178,0.0786,0.961,74.45,35
Stepping Razor,Peter Tosh,Equal Rights (Legacy Edition),1976,347053,4,0.865,0.654,7,-8.113,1,0.0731,0.00156,0.00000153,0.0543,0.706,127.513,45
Wanted Dread and Alive - 2002 Remaster,Peter Tosh,Wanted Dread and Alive,1976,268213,4,0.795,0.731,9,-6.056,1,0.0529,0.381,0.00163,0.0548,0.884,96.161,52
Blood Money,Protoje,A Matter of Time,2013,227722,4,0.769,0.777,10,-6.005,0,0.116,0.0371,0,0.0805,0.755,77.968,29
Bout Noon,Protoje,A Matter of Time,2013,224327,4,0.667,0.777,10,-5.261,0,0.243,0.00402,0,0.126,0.691,83.899,32
Kingston Be Wise,Protoje,The 8 Year Affair,2013,251204,4,0.782,0.744,7,-6.164,1,0.0806,0.0552,0.0000142,0.701,0.7,81.067,47
No Guarantee,Protoje,A Matter of Time,2013,220454,4,0.755,0.717,7,-4.185,1,0.0598,0.0327,0,0.0624,0.607,169.973,37
Rasta Love Feat. Ky-Mani Marley,Protoje,The Seven Year Itch,2013,185312,4,0.911,0.565,9,-6.209,0,0.0718,0.429,0,0.0802,0.751,96.012,58
Switch It Up (feat. Koffee),Protoje,In Search Of Lost Time,2013,234920,4,0.781,0.831,10,-6.061,0,0.111,0.0596,0,0.187,0.661,139.98,49
Who Knows,Protoje,Ancient Future,2013,208466,4,0.683,0.724,5,-4.436,0,0.0988,0.0909,0,0.339,0.741,80.932,59
Who Knows (feat. Chronixx) - SHY FX Remix,Protoje,Who Knows (feat. Chronixx) [SHY FX Remix],2013,252247,4,0.718,0.821,5,-5.581,0,0.0884,0.0037,0.0000929,0.33,0.653,87.012,48
Attention Span,Rebelution,Courage to Grow,2012,322760,4,0.64,0.748,9,-7.194,1,0.0495,0.0111,0.0000717,0.175,0.693,74.529,58
Bright Side of Life,Rebelution,Bright Side of Life,2012,245666,4,0.863,0.656,2,-6.505,0,0.0381,0.0165,0.00000845,0.0936,0.622,93.078,46
Count Me In,Rebelution,Count Me In,2012,189613,4,0.8,0.661,7,-8.291,1,0.0304,0.0204,0.000107,0.0687,0.59,92.015,57
Feeling Alright,Rebelution,Courage to Grow,2012,266400,4,0.836,0.584,7,-8.219,1,0.0793,0.0387,0,0.102,0.68,134.204,63
Good Vibes (feat. Lutan Fyah),Rebelution,Peace of Mind (Deluxe),2012,211880,4,0.733,0.712,6,-6.914,1,0.132,0.163,0,0.128,0.814,151.569,49
Safe and Sound,Rebelution,Courage to Grow,2012,229493,4,0.827,0.587,8,-8.189,0,0.0604,0.00545,0,0.055,0.539,77.688,59
Sky Is the Limit,Rebelution,Peace of Mind (Deluxe),2012,249213,4,0.758,0.757,8,-5.696,1,0.0374,0.00739,0,0.0479,0.617,97.918,50
Dem Bow,Shabba Ranks,Dancehall 101 Vol. 5,1994,216826,4,0.912,0.871,11,-6.628,1,0.164,0.267,0,0.0502,0.961,98.32,31
Housecall (Your Body Can't Lie to Me) (feat. Maxi Priest),Shabba Ranks,Rough & Ready - Volume Ii,1994,236000,4,0.774,0.545,8,-12.442,0,0.235,0.154,0,0.0899,0.882,81.37,38
Mr. Loverman (feat. Chevelle Franklin),Shabba Ranks,Greatest Hits,1994,337800,4,0.736,0.604,7,-11.026,1,0.163,0.0103,0.0000598,0.13,0.685,172.959,44
Peeny Peeny,Shabba Ranks,Best Baby Father,1994,201173,4,0.714,0.421,9,-12.315,1,0.368,0.119,0,0.0941,0.845,80.462,23
Ting-A-Ling,Shabba Ranks,X-Tra Naked,1994,232000,5,0.723,0.617,6,-13.414,1,0.507,0.0262,0,0.338,0.804,126.447,51
Trailer Load A Girls,Shabba Ranks,Reggae Anthology: Steely & Clevie - Digital Revolution,1994,231760,4,0.915,0.781,6,-3.537,1,0.0601,0.289,0,0.177,0.901,96.254,23
Twice My Age (feat. Krystal),Shabba Ranks,Rappin' With The Ladies,1994,347160,4,0.828,0.419,0,-18.299,1,0.136,0.0077,0.00000224,0.0895,0.927,92.322,47
Wicked Inna Bed,Shabba Ranks,The Best of Shashamane Reggae Dubplates (Shabba Ranks Anthems),1994,64087,4,0.794,0.574,2,-10.038,1,0.535,0.493,0,0.186,0.84,92.39,4
(Dry Cry) Just One of Those Days,Sizzla,STRICTLY THE BEST VOL. 31,2005,208600,4,0.703,0.574,0,-5.71,1,0.171,0.0586,0,0.0519,0.579,147.829,36
Be Strong,Sizzla,The Journey - The Very Best Of Sizzla Kalonji,2005,218560,4,0.72,0.736,4,-6.38,0,0.316,0.564,0,0.122,0.607,83.924,40
Give Me A Try,Sizzla,The Journey - The Very Best Of Sizzla Kalonji,2005,220226,4,0.898,0.421,8,-7.799,1,0.171,0.289,0.000631,0.083,0.76,139.948,49
Just One Of Those Days,Sizzla,Da Real Thing,2005,233266,4,0.708,0.604,0,-5.78,1,0.157,0.0379,0,0.0487,0.523,148.008,49
Praise Ye Jah,Sizzla,Praise Ye Jah,2005,230466,4,0.827,0.718,7,-8.036,0,0.0493,0.105,0,0.0581,0.723,131.498,38
Take Myself Away,Sizzla,Overstanding,2005,251813,4,0.707,0.687,7,-7.437,1,0.519,0.123,0,0.0373,0.795,81.721,36
Thank U Mamma,Sizzla,Da Real Thing,2005,240826,4,0.532,0.642,7,-7.219,1,0.135,0.028,0,0.162,0.724,140.063,37
Thank You Mama,Sizzla,Overstanding,2005,272066,4,0.555,0.484,7,-8.322,1,0.29,0.134,0.00000122,0.134,0.424,140.737,28
Bad Boys,Sly & Robbie,Sly & Robbie Present Sound of Sound,1981,208039,4,0.8,0.372,11,-12.533,0,0.173,0.0265,0,0.0546,0.587,173.374,0
Boops (Here To Go),Sly & Robbie,Reggae You Fell In Love With,1981,218360,4,0.853,0.658,4,-9.777,0,0.0767,0.39,0.0000287,0.104,0.626,103.081,7
Livin' It up Dub,Sly & Robbie,Horace Andy Dubbin' It Up,1981,300786,4,0.833,0.414,7,-9.298,1,0.171,0.00113,0.776,0.16,0.498,74.55,5
Money (feat. Red Rose),Sly & Robbie,Hail Up The Taxi,1981,239493,4,0.626,0.429,8,-7.208,1,0.242,0.402,0,0.0776,0.663,172.011,0
Unmetered Taxi,Sly & Robbie,Crucial Reggae,1981,158400,4,0.659,0.274,9,-13.299,1,0.224,0.00135,0.709,0.0862,0.529,79.326,14
Bad News,SOJA,Poetry In Motion,2008,229464,4,0.67,0.757,4,-4.707,0,0.0783,0.0763,0,0.117,0.566,148.048,28
Everything Changes - feat. Dread Mar I,SOJA,Everything Changes,2012,304126,4,0.699,0.681,8,-5.659,0,0.0581,0.0573,0,0.121,0.893,153.957,48
Rest of My Life,SOJA,Born In Babylon,2010,319240,4,0.796,0.588,7,-7.986,0,0.041,0.0128,0,0.0991,0.669,125.29,38
Something To Believe In,SOJA,Beauty In The Silence,2009,209032,4,0.811,0.638,0,-5.339,1,0.0376,0.388,0,0.102,0.749,139.934,54
True Love,SOJA,Peace in a Time of War,2008,256733,4,0.861,0.405,6,-8.84,0,0.0532,0.203,0,0.103,0.54,116.831,66
When We Were Younger,SOJA,Strength To Survive,2004,267266,4,0.713,0.658,5,-6.586,1,0.0279,0.306,0,0.201,0.695,98.032,46
Ravers,Steel Pulse,True Democracy,1980,236773,4,0.683,0.682,0,-8.165,1,0.147,0.212,0,0.0831,0.96,78.526,31
Roller Skates,Steel Pulse,Earth Crisis,1980,299946,4,0.833,0.575,4,-9.341,0,0.238,0.232,0,0.139,0.807,78.689,51
Your House,Steel Pulse,True Democracy,1980,222600,4,0.707,0.716,10,-8.962,0,0.0879,0.057,0.00000425,0.36,0.966,154.118,50
Chase Dem,Stephen Marley,Mind Control,2001,255066,4,0.836,0.549,4,-6.527,0,0.173,0.035,0,0.219,0.949,130.996,34
False Friends,Stephen Marley,Revelation Part 1: The Root Of Life,2001,202173,4,0.738,0.703,3,-4.835,0,0.148,0.0785,0,0.132,0.901,133.982,45
Hey Baby,Stephen Marley,Mind Control,2001,294786,4,0.718,0.595,10,-5.632,0,0.263,0.105,0.0000103,0.0745,0.634,185.025,55
Iron Bars,Stephen Marley,Mind Control,2001,255040,4,0.828,0.709,1,-4.55,1,0.178,0.0338,0.00000168,0.321,0.817,99.789,34
Jah Army,Stephen Marley,Revelation Part 1: The Root Of Life,2001,283013,4,0.659,0.883,10,-3.009,0,0.286,0.0215,0,0.18,0.709,77.068,48
No Cigarette Smoking (In My Room),Stephen Marley,Revelation Part 1: The Root Of Life,2001,220493,4,0.703,0.525,6,-4.859,0,0.0956,0.0349,0,0.0631,0.766,135.835,47
Rock Stone,Stephen Marley,Revelation Pt. II: The Fruit of Life,2001,277653,4,0.77,0.787,11,-5.489,0,0.278,0.23,0.000199,0.198,0.588,82.029,53
The Traffic Jam,Stephen Marley,Mind Control,2001,220613,4,0.799,0.634,1,-7.136,0,0.371,0.448,0,0.0706,0.723,94.884,35
Good Thing Going,Sugar Minott,Good Thing Going,1982,220212,4,0.772,0.394,1,-12.72,1,0.128,0.416,0.00236,0.0741,0.882,79.686,47
Herbman Hustling,Sugar Minott,Reggae Anthology: Sugar Minott - Hard Time Pressure,1982,211960,4,0.811,0.579,11,-11.211,0,0.0861,0.00406,0,0.0732,0.811,75.844,19
Jah Jah Children,Sugar Minott,Reggae Anthology: Sugar Minott - Hard Time Pressure,1982,161853,4,0.544,0.461,10,-9.744,1,0.0887,0.0169,0.0000074,0.734,0.626,60.889,8
No Vacancy,Sugar Minott,With Lots of Extra,1982,221200,4,0.86,0.22,6,-18.911,0,0.167,0.0171,0.00000567,0.129,0.504,138.259,24
Oh Mr. DC,Sugar Minott,Showcase,1982,366000,4,0.794,0.479,3,-10.727,1,0.0644,0.404,0.00476,0.12,0.785,93.081,17
African Race,The Abyssinians,Satta Massagana,1969,173560,4,0.758,0.308,9,-16.741,0,0.0432,0.59,0.00113,0.302,0.615,130.096,8
Declaration of Rights,The Abyssinians,"The Best of Studio One, Vol. 1",1969,199746,4,0.671,0.335,3,-17.021,0,0.0853,0.9,0.925,0.11,0.737,142.041,20
Forward Unto Zion,The Abyssinians,Satta Massagana,1969,226026,4,0.675,0.452,2,-13.87,1,0.107,0.422,0.00328,0.126,0.778,137.177,12
Jah Loves - Remastered 2002,The Abyssinians,Arise,1969,246160,4,0.678,0.469,9,-10.352,1,0.0451,0.201,0.00272,0.0666,0.851,154.858,27
Satta Massagana,The Abyssinians,Satta Massagana,1969,209426,4,0.501,0.407,9,-13.142,0,0.305,0.252,0.000342,0.128,0.722,77.152,35
Ark Of Covenant,The Congos,Heart Of The Congos,1977,226400,4,0.615,0.506,4,-14.359,0,0.096,0.251,0.0000816,0.248,0.768,81.935,24
Can't Come In,The Congos,Heart Of The Congos,1977,346973,4,0.71,0.401,1,-17.128,1,0.0662,0.287,0.000178,0.0666,0.662,141.64,22
Children Crying,The Congos,Heart Of The Congos,1977,234893,4,0.576,0.45,8,-15.42,1,0.0357,0.124,0.00000115,0.104,0.938,140.192,27
Congoman,The Congos,Heart Of The Congos,1977,335426,4,0.646,0.597,10,-15.045,0,0.0414,0.282,0.758,0.0766,0.83,100.382,30
Fisherman,The Congos,Heart Of The Congos,1977,328240,4,0.604,0.458,4,-15.055,0,0.161,0.432,0.00446,0.0804,0.636,174.248,44
La La Bam-Bam,The Congos,Heart Of The Congos,1977,227480,4,0.851,0.603,6,-8.436,1,0.049,8.39E-05,0,0.115,0.89,125.243,30
Row Fisherman,The Congos,The Great Heptones Harmonizes Best of the Best,1977,359906,4,0.545,0.575,10,-12.801,0,0.0914,0.0943,0.182,0.454,0.498,164.955,21
Sodom And Gomorrow,The Congos,Heart Of The Congos (40th Anniversary Edition),1977,371080,4,0.753,0.749,0,-7.307,1,0.0405,0.021,0.00178,0.276,0.881,123.198,12
Come On Now,The Ethiopians,Engine 54,1970,195560,4,0.809,0.367,0,-11.838,1,0.0876,0.622,0.0125,0.465,0.601,79.32,29
Engine 54,The Ethiopians,Engine 54,1970,159946,4,0.847,0.373,10,-10.905,1,0.118,0.35,0.00183,0.277,0.601,77.487,44
Everything Crash,The Ethiopians,Dis One A Scorcher! Absolutely The Best Of Roots and Culture Vol. 1,1970,157333,4,0.927,0.547,0,-6.786,1,0.0604,0.314,0.0128,0.0517,0.921,117.418,34
Good Ambition,The Ethiopians,Riding the Roots Chariot,1970,166600,4,0.916,0.393,0,-8.862,1,0.0494,0.438,0.0107,0.11,0.939,109.633,46
Hong Kong Flu,The Ethiopians,Reggae Power,1970,138746,4,0.937,0.662,2,-8.98,1,0.168,0.553,0.0353,0.0382,0.874,129.395,22
The Selah,The Ethiopians,Freedom Train,1970,189213,4,0.754,0.494,3,-6.495,1,0.0554,0.608,0.0207,0.096,0.798,94.864,12
Train to Skaville,The Ethiopians,Engine 54,1970,177000,4,0.792,0.256,8,-12.525,1,0.191,0.229,0.548,0.35,0.563,87.774,48
What A Fire,The Ethiopians,Woman Capture Man,1970,163500,4,0.862,0.504,7,-9.093,1,0.0719,0.628,0.0702,0.245,0.913,104.345,22
Book Of Rules,The Heptones,Night Food,1970,211466,4,0.779,0.533,6,-14.152,1,0.0535,0.272,0.159,0.13,0.944,142.495,50
Equal Rights,The Heptones,On Top,1970,142000,4,0.808,0.63,9,-6.707,1,0.0461,0.449,0.251,0.149,0.96,77.165,6
Gunmen Coming to Town,The Heptones,Trojan Mod Reggae Collection,1970,151093,4,0.705,0.44,10,-9.25,1,0.0329,0.97,0.158,0.215,0.925,115.186,16
Love Won't Come Easy,The Heptones,Sea Of Love,1970,211960,4,0.626,0.216,11,-15.701,0,0.102,0.364,0.0000294,0.136,0.558,143.656,12
Our Day Will Come,The Heptones,Meet The Now Generation,1970,200040,4,0.721,0.601,7,-10.293,1,0.095,0.364,0.204,0.0558,0.803,146.638,13
Party Time,The Heptones,"The Best of Studio One, Vol. 1",1970,160493,4,0.799,0.453,7,-9.58,0,0.0418,0.839,0.615,0.218,0.906,81.372,21
Pretty Looks,The Heptones,The Heptones Live in London,1970,214681,4,0.741,0.442,2,-8.208,1,0.0361,0.465,0.00000353,0.0938,0.829,81.986,14
We Are In The Mood,The Heptones,On Top,1970,131506,4,0.748,0.499,9,-7.716,0,0.0418,0.529,0.00074,0.236,0.824,82.174,3
Why Must I,The Heptones,Fattie Fattie,1970,172533,4,0.701,0.286,7,-16.413,1,0.165,0.154,0.189,0.302,0.437,90.109,3
1865 (96 In The Shade),Third World,96 Degrees In The Shade,1976,267826,4,0.918,0.393,7,-16.088,1,0.15,0.0314,0.000153,0.0269,0.803,131.84,54
Cool Meditation,Third World,Journey To Addis,1976,214760,4,0.737,0.622,11,-15.145,0,0.0881,0.0135,0.000427,0.311,0.967,140.15,30
Loving You Is Easy,Third World,More Work to Be Done,1976,211895,4,0.9,0.667,8,-7.381,1,0.057,0.377,0.000873,0.264,0.752,144.367,43
Now That We've Found Love,Third World,Reggae Roots 1972-1995 (Vol.5),1976,224173,4,0.765,0.585,1,-13.037,1,0.1,0.00706,0.0000017,0.0503,0.781,118.441,37
Reggae Ambassador,Third World,Reggae Ambassadors: 20th Anniversary Collection,1976,190640,4,0.81,0.402,5,-13.881,1,0.283,0.0485,0,0.0513,0.894,78.651,45
Sense Of Purpose,Third World,Reggae Ambassadors: 20th Anniversary Collection,1976,318106,4,0.864,0.634,0,-11.131,0,0.039,0.0314,0.0000616,0.0496,0.937,124.873,28
Try Jah Love,Third World,Reggae Ambassadors: 20th Anniversary Collection,1976,409933,4,0.761,0.581,1,-13.548,0,0.0386,0.0952,0,0.14,0.891,111.808,40
You're Not the Only One,Third World,More Work to Be Done,1976,242831,4,0.751,0.599,9,-6.543,0,0.308,0.155,0,0.0557,0.611,169.786,49
Chalice In The Palace - 1990 Digital Remaster,U-Roy,Dread In A Babylon,1974,209000,4,0.664,0.426,0,-12.234,1,0.184,0.0354,0.0368,0.067,0.523,78.731,30
Man Next Door (feat. Santigold),U-Roy,Solid Gold,2010,271618,4,0.599,0.895,9,-4.598,0,0.102,0.0052,0,0.495,0.7,141.512,28
Rule The Nation,U-Roy,Original DJ,1974,149733,4,0.733,0.462,1,-11.38,1,0.366,0.00666,0.384,0.21,0.419,78.603,11
Trenchtown Rock (feat. Ziggy Marley),U-Roy,Solid Gold,1974,269929,4,0.459,0.834,0,-3.468,1,0.229,0.0623,0.00000122,0.69,0.759,80.232,28
Wake The Town,U-Roy,Solid Gold,1974,242401,4,0.722,0.829,5,-3.178,1,0.0429,0.0864,0.15,0.208,0.786,104.776,15
Wear You To The Ball,U-Roy,Original DJ,1974,147226,4,0.879,0.502,0,-6.803,1,0.0485,0.348,0.0142,0.0866,0.695,95.162,16
(I Can't Help) Falling In Love With You,UB40,Promises And Lies,1983,207440,4,0.642,0.722,2,-13.031,1,0.0375,0.0444,0.00388,0.122,0.836,172.406,70
Cherry Oh Baby,UB40,Labour Of Love,1983,198626,4,0.79,0.259,7,-16.079,1,0.0676,0.00416,0.00813,0.0941,0.816,75.554,55
Food For Thought,UB40,UB45,1983,239960,4,0.772,0.725,2,-6.217,1,0.0338,0.00691,0.00345,0.3,0.883,132.046,55
Kingston Town,UB40,Labour Of Love II,1983,228293,4,0.956,0.254,8,-13.264,1,0.0551,0.156,0.0362,0.0362,0.8,102.071,53
Many Rivers To Cross,UB40,Labour Of Love,1983,273000,4,0.593,0.56,1,-12.834,1,0.0376,0.0875,0.132,0.0742,0.541,88.001,47
One In Ten,UB40,The Very Best Of,1983,273133,4,0.853,0.767,9,-6.787,0,0.0439,0.0397,0.0000174,0.0849,0.875,126.698,46
Rat In Mi Kitchen,UB40,Rat In The Kitchen,1983,418466,4,0.729,0.545,9,-12.264,1,0.0633,0.0241,0.119,0.0609,0.826,90.911,50
Red Red Wine,UB40,The Very Best Of,1983,183733,4,0.857,0.468,1,-8.53,1,0.0476,0.00414,0.0000132,0.269,0.843,89.119,73
King Inna The Jungle,Yellowman,Bad Boy Skanking,1985,242866,4,0.827,0.354,10,-14.223,1,0.264,0.0106,0,0.114,0.771,73.117,11
Lost Mi Love,Yellowman,Mister Yellowman,1985,310733,4,0.83,0.669,10,-7.536,0,0.214,0.0511,0,0.163,0.92,74.003,48
Mr Chin,Yellowman,Mister Yellowman,1985,242266,4,0.864,0.764,2,-6.784,1,0.147,0.0418,0.000111,0.346,0.77,75.625,33
No Way to Run,Yellowman,Nobody Move,1985,210128,4,0.699,0.475,10,-14.179,0,0.0945,0.587,0.0107,0.237,0.736,92.815,0
Nobody Move Nobody Get Hurt,Yellowman,Nobody Move Nobody Get Hurt,1985,223106,4,0.699,0.775,0,-5.936,1,0.123,0.33,0,0.121,0.58,82.058,45
Them A Mad Over Me,Yellowman,One In A Million,1985,218466,4,0.787,0.244,1,-18.146,1,0.256,0.278,0,0.132,0.892,82.689,5
Zungguzungguguzungguzeng,Yellowman,Zungguzungguguzungguzeng!,1985,388226,4,0.749,0.296,4,-17.927,1,0.356,0.0713,0.00458,0.0879,0.475,164.707,53
Beach In Hawaii,Ziggy Marley,Love Is My Religion,1997,224413,4,0.81,0.476,9,-8.933,0,0.0372,0.206,0.00000916,0.0837,0.88,98.981,57
"Get Up, Stand Up - Live",Ziggy Marley,Bob Marley 75th Celebration (Pt.1) [Live],1997,431982,4,0.81,0.629,6,-7.357,0,0.238,0.204,0.00000651,0.244,0.668,81.132,22
Justice,Ziggy Marley,One Bright Day,1997,252160,4,0.834,0.362,10,-12.738,1,0.0722,0.0395,0.000474,0.0701,0.922,79.919,24
Look Who's Dancing,Ziggy Marley,One Bright Day,1997,300373,4,0.764,0.758,10,-11.306,1,0.0442,0.12,0.00303,0.123,0.945,104.052,42
Love Is My Religion,Ziggy Marley,Love Is My Religion,1997,228506,4,0.826,0.717,9,-6.212,1,0.0481,0.202,0,0.394,0.78,93.505,48
Tomorrow People,Ziggy Marley,Conscious Party,1997,218440,4,0.714,0.561,10,-12.986,1,0.0421,0.221,0,0.116,0.647,96.12,50
True To Myself,Ziggy Marley,Dragonfly,1997,225600,4,0.88,0.564,1,-6.431,1,0.0498,0.0786,0,0.0565,0.83,99.019,62
We Are One,Ziggy Marley,Spirit of Music,1997,221533,4,0.798,0.332,11,-13.22,0,0.0361,0.448,0.0000291,0.11,0.74,127.296,12
